<?xml version="1.0" encoding="UTF-8"?><EmployeeDetailsList><EmployeeDetails><id>1</id><name>Shruthi</name><salary>760009</salary></EmployeeDetails><EmployeeDetails><id>2</id><name>swathi</name><salary>660000</salary></EmployeeDetails><EmployeeDetails><id>3</id><name>deepika</name><salary>786000</salary></EmployeeDetails><EmployeeDetails><id>4</id><name>shipra</name><salary>767000</salary></EmployeeDetails><EmployeeDetails><id>5</id><name>sindhu</name><salary>760600</salary></EmployeeDetails><EmployeeDetails><id>6</id><name>sangeeta</name><salary>760070</salary></EmployeeDetails></EmployeeDetailsList>